career,course,platform
Data Science & AI,Python for Data Science (Full Course),YouTube
Data Science & AI,Machine Learning Specialization,Coursera
Data Science & AI,Deep Learning with PyTorch,Udemy
Data Science & AI,Statistics for Data Science,GeeksforGeeks
Web Development,Responsive Web Design,FreeCodeCamp
Web Development,JavaScript Masterclass,Udemy
Web Development,React.js - Complete Guide,YouTube
Web Development,Full Stack Web Development,Coursera
Software Engineer,Data Structures & Algorithms,GeeksforGeeks
Software Engineer,System Design for Beginners,YouTube
Software Engineer,Advanced Java/Python Programming,Udemy
Software Engineer,Clean Code Principles,GitHub
Cyber Security,Ethical Hacking for Beginners,YouTube
Cyber Security,CompTIA Security+ Prep,Coursera
Cyber Security,Web Security & Pentesting,TryHackMe
Cyber Security,Introduction to Cryptography,W3Schools
Cloud Engineering,AWS Certified Cloud Practitioner,YouTube
Cloud Engineering,Google Cloud Fundamentals,Coursera
Cloud Engineering,Azure Administration,Udemy
Cloud Engineering,Docker & Kubernetes,GeeksforGeeks
